[{"Operation":"process","User":"U00000","First Name":"Test","Last Name":"User(U00000)","Site":"Default Site","Language":"English","Time Zone":"US/Eastern","User Supervisor":"","Role":"Standard User","Work Email":"U00000@example.com","Home Email":"U00000@examplehome.com","SMS Phone":" +1 5555500000","Work Phone":" +1 1115500000"},{"Operation":"process","User":"U00001","First Name":"Test","Last Name":"User(U00001)","Site":"Default Site","Language":"English","Time Zone":"US/Eastern","User Supervisor":"","Role":"Standard User","Work Email":"U00001@example.com","Home Email":"U00001@examplehome.com","SMS Phone":" +1 5555500001","Work Phone":" +1 1115500001"},{"Operation":"process","User":"U00002","First Name":"Test","Last Name":"User(U00002)","Site":"Default Site","Language":"English","Time Zone":"US/Eastern","User Supervisor":"","Role":"Standard User","Work Email":"U00002@example.com","Home Email":"U00002@examplehome.com","SMS Phone":" +1 5555500002","Work Phone":" +1 1115500002"},{"Operation":"process","User":"U00003","First Name":"Test","Last Name":"User(U00003)","Site":"Default Site","Language":"English","Time Zone":"US/Eastern","User Supervisor":"","Role":"Standard User","Work Email":"U00003@example.com","Home Email":"U00003@examplehome.com","SMS Phone":" +1 5555500003","Work Phone":" +1 1115500003"},{"Operation":"process","User":"U00004","First Name":"Test","Last Name":"User(U00004)","Site":"Default Site","Language":"English","Time Zone":"US/Eastern","User Supervisor":"","Role":"Standard User","Work Email":"U00004@example.com","Home Email":"U00004@examplehome.com","SMS Phone":" +1 5555500004","Work Phone":" +1 1115500004"},{"Operation":"process","User":"U00005","First Name":"Test","Last Name":"User(U00005)","Site":"Default Site","Language":"English","Time Zone":"US/Eastern","User Supervisor":"","Role":"Standard User","Work Email":"U00005@example.com","Home Email":"U00005@examplehome.com","SMS Phone":" +1 5555500005","Work Phone":" +1 1115500005"},{"Operation":"process","User":"U00006","First Name":"Test","Last Name":"User(U00006)","Site":"Default Site","Language":"English","Time Zone":"US/Eastern","User Supervisor":"","Role":"Standard User","Work Email":"U00006@example.com","Home Email":"U00006@examplehome.com","SMS Phone":" +1 5555500006","Work Phone":" +1 1115500006"},{"Operation":"process","User":"U00007","First Name":"Test","Last Name":"User(U00007)","Site":"Default Site","Language":"English","Time Zone":"US/Eastern","User Supervisor":"","Role":"Standard User","Work Email":"U00007@example.com","Home Email":"U00007@examplehome.com","SMS Phone":" +1 5555500007","Work Phone":" +1 1115500007"},{"Operation":"process","User":"U00008","First Name":"Test","Last Name":"User(U00008)","Site":"Default Site","Language":"English","Time Zone":"US/Eastern","User Supervisor":"","Role":"Standard User","Work Email":"U00008@example.com","Home Email":"U00008@examplehome.com","SMS Phone":" +1 5555500008","Work Phone":" +1 1115500008"},{"Operation":"process","User":"U00009","First Name":"Test","Last Name":"User(U00009)","Site":"Default Site","Language":"English","Time Zone":"US/Eastern","User Supervisor":"","Role":"Standard User","Work Email":"U00009@example.com","Home Email":"U00009@examplehome.com","SMS Phone":" +1 5555500009","Work Phone":" +1 1115500009"}]